0,89.53785105743985,89.53785105743985,-1,0,0,0,1,1,-1,-1
1,0.0,89.53785105743985,-1,0,0,0,1,1,-1,-1
2,745.6997644949008,745.6997644949008,-1,0,1,1,-1,1,1,-1
3,6.896876451565425,745.6997644949008,-1,0,1,1,-1,1,1,-1
4,0.0,745.6997644949008,-1,0,1,1,-1,1,1,-1
5,45.840501855451485,745.6997644949008,-1,0,1,1,-1,1,1,-1
6,37.49993757938303,745.6997644949008,-1,0,1,1,-1,1,1,-1
7,0.0,745.6997644949008,-1,0,1,1,-1,1,1,-1
8,214.29508665056395,745.6997644949008,-1,0,1,1,-1,1,1,-1
9,0.0,745.6997644949008,-1,0,1,1,-1,1,1,-1
10,0.0,745.6997644949008,-1,0,1,1,-1,1,1,-1
11,134.3102652934707,745.6997644949008,-1,0,1,1,-1,1,1,-1
12,137.9920910456724,745.6997644949008,-1,0,1,1,-1,1,1,-1
13,241.31328203934063,745.6997644949008,-1,0,1,1,-1,1,1,-1
14,203.25503156991493,745.6997644949008,-1,0,1,1,-1,1,1,-1
15,3.9222022825718064,745.6997644949008,-1,0,1,1,-1,1,1,-1
16,52.34037621119509,745.6997644949008,-1,0,1,1,-1,1,1,-1
17,133.69555288115185,745.6997644949008,-1,0,1,1,-1,1,1,-1
18,0.0,745.6997644949008,-1,0,1,1,-1,1,1,-1
19,336.4893822575737,745.6997644949008,-1,0,1,1,-1,1,1,-1
20,132.87827170718086,745.6997644949008,-1,0,1,1,-1,1,1,-1
21,136.5766182133509,745.6997644949008,-1,0,1,1,-1,1,1,-1
22,328.81439574111,745.6997644949008,-1,0,1,1,-1,1,1,-1
23,0.0,745.6997644949008,-1,0,1,1,-1,1,1,-1
24,0.0,745.6997644949008,-1,0,1,1,-1,1,1,-1
25,218.36892298623673,745.6997644949008,-1,0,1,1,-1,1,1,-1
26,43.00171044164442,745.6997644949008,-1,0,1,1,-1,1,1,-1
27,134.1736257834998,745.6997644949008,-1,0,1,1,-1,1,1,-1
28,0.0,745.6997644949008,-1,0,1,1,-1,1,1,-1
29,282.4538179772918,745.6997644949008,-1,0,1,1,-1,1,1,-1
30,333.6673623242876,745.6997644949008,-1,0,1,1,-1,1,1,-1
31,48.48737248857623,745.6997644949008,-1,0,1,1,-1,1,1,-1
32,0.0,745.6997644949008,-1,0,1,1,-1,1,1,-1
33,0.0,745.6997644949008,-1,0,1,1,-1,1,1,-1
34,138.0096474761464,745.6997644949008,-1,0,1,1,-1,1,1,-1
35,56.716009626373236,745.6997644949008,-1,0,1,1,-1,1,1,-1
36,133.0358060504626,745.6997644949008,-1,0,1,1,-1,1,1,-1
37,0.0,745.6997644949008,-1,0,1,1,-1,1,1,-1
38,208.28428183729696,745.6997644949008,-1,0,1,1,-1,1,1,-1
39,243.70088974598553,745.6997644949008,-1,0,1,1,-1,1,1,-1
40,207.44863260050255,745.6997644949008,-1,0,1,1,-1,1,1,-1
41,229.87499791257244,745.6997644949008,-1,0,1,1,-1,1,1,-1
42,286.692789500412,745.6997644949008,-1,0,1,1,-1,1,1,-1
43,2.931366422286601,745.6997644949008,-1,0,1,1,-1,1,1,-1
44,43.473759297980116,745.6997644949008,-1,0,1,1,-1,1,1,-1
45,132.69362123338504,745.6997644949008,-1,0,1,1,-1,1,1,-1
46,16.615933196567823,745.6997644949008,-1,0,1,1,-1,1,1,-1
47,36.42878163804481,745.6997644949008,-1,0,1,1,-1,1,1,-1
48,0.0,745.6997644949008,-1,0,1,1,-1,1,1,-1
49,7.2232491167982715,745.6997644949008,-1,0,1,1,-1,1,1,-1
50,263.2077269069447,745.6997644949008,-1,0,1,1,-1,1,1,-1
51,204.99490385654119,745.6997644949008,-1,0,1,1,-1,1,1,-1
52,239.03230887783803,745.6997644949008,-1,0,1,1,-1,1,1,-1
53,276.36298513592,745.6997644949008,-1,0,1,1,-1,1,1,-1
54,133.69555288115185,745.6997644949008,-1,0,1,1,-1,1,1,-1
55,239.03230887783803,745.6997644949008,-1,0,1,1,-1,1,1,-1
56,0.0,745.6997644949008,-1,0,1,1,-1,1,1,-1
57,210.84292855268933,745.6997644949008,-1,0,1,1,-1,1,1,-1
58,238.31863006377046,745.6997644949008,-1,0,1,1,-1,1,1,-1
59,238.14972554616722,745.6997644949008,-1,0,1,1,-1,1,1,-1
60,324.07623674991805,745.6997644949008,-1,0,1,1,-1,1,1,-1
61,0.0,745.6997644949008,-1,0,1,1,-1,1,1,-1
62,36.26925438595898,745.6997644949008,-1,0,1,1,-1,1,1,-1
63,49.306923315448316,745.6997644949008,-1,0,1,1,-1,1,1,-1
64,0.0,745.6997644949008,-1,0,1,1,-1,1,1,-1
65,39.101759880404416,745.6997644949008,-1,0,1,1,-1,1,1,-1
66,0.0,745.6997644949008,-1,0,1,1,-1,1,1,-1
67,134.59092513811856,745.6997644949008,-1,0,1,1,-1,1,1,-1
68,214.18450789879063,745.6997644949008,-1,0,1,1,-1,1,1,-1
69,11.284860376737447,745.6997644949008,-1,0,1,1,-1,1,1,-1
70,0.0,745.6997644949008,-1,0,1,1,-1,1,1,-1
71,150.36670278067362,745.6997644949008,-1,0,1,1,-1,1,1,-1
72,133.94700246662504,745.6997644949008,-1,0,1,1,-1,1,1,-1
73,40.22230856413535,745.6997644949008,-1,0,1,1,-1,1,1,-1
74,292.8223691388443,745.6997644949008,-1,0,1,1,-1,1,1,-1
75,321.5139627237487,745.6997644949008,-1,0,1,1,-1,1,1,-1
76,44.866340912187034,745.6997644949008,-1,0,1,1,-1,1,1,-1
77,0.0,745.6997644949008,-1,0,1,1,-1,1,1,-1
78,389.47351906232643,745.6997644949008,-1,0,1,1,-1,1,1,-1
79,49.21465617035213,745.6997644949008,-1,0,1,1,-1,1,1,-1
80,48.48737248857623,745.6997644949008,-1,0,1,1,-1,1,1,-1
81,321.5139627237487,745.6997644949008,-1,0,1,1,-1,1,1,-1
82,326.80963771189454,745.6997644949008,-1,0,1,1,-1,1,1,-1
83,0.0,745.6997644949008,-1,0,1,1,-1,1,1,-1
84,0.0,745.6997644949008,-1,0,1,1,-1,1,1,-1
85,219.0732183737555,745.6997644949008,-1,0,1,1,-1,1,1,-1
86,212.5954281642176,745.6997644949008,-1,0,1,1,-1,1,1,-1
87,32.41450106820504,745.6997644949008,-1,0,1,1,-1,1,1,-1
88,60.68903175451577,745.6997644949008,-1,0,1,1,-1,1,1,-1
89,0.0,745.6997644949008,-1,0,1,1,-1,1,1,-1
90,15.850978236158749,745.6997644949008,-1,0,1,1,-1,1,1,-1
91,0.0,745.6997644949008,-1,0,1,1,-1,1,1,-1
92,5.0932392836924585,745.6997644949008,-1,0,1,1,-1,1,1,-1
93,334.9932439011489,745.6997644949008,-1,0,1,1,-1,1,1,-1
94,329.7719996230693,745.6997644949008,-1,0,1,1,-1,1,1,-1
95,450.8668187706152,745.6997644949008,-1,0,1,1,-1,1,1,-1
96,2.889806940939547,745.6997644949008,-1,0,1,1,-1,1,1,-1
97,134.15705055607958,745.6997644949008,-1,0,1,1,-1,1,1,-1
98,135.11617278110884,745.6997644949008,-1,0,1,1,-1,1,1,-1
99,0.0,745.6997644949008,-1,0,1,1,-1,1,1,-1
100,0.0,745.6997644949008,-1,0,1,1,-1,1,1,-1
101,0.0,745.6997644949008,-1,0,1,1,-1,1,1,-1
102,56.753166048419814,745.6997644949008,-1,0,1,1,-1,1,1,-1
103,335.28500777422573,745.6997644949008,-1,0,1,1,-1,1,1,-1
104,0.0,745.6997644949008,-1,0,1,1,-1,1,1,-1
105,0.0,745.6997644949008,-1,0,1,1,-1,1,1,-1
106,0.0,745.6997644949008,-1,0,1,1,-1,1,1,-1
107,199.70191551098753,745.6997644949008,-1,0,1,1,-1,1,1,-1
108,168.0513830478132,745.6997644949008,-1,0,1,1,-1,1,1,-1
109,137.25572844827215,745.6997644949008,-1,0,1,1,-1,1,1,-1
110,86.06957793804324,745.6997644949008,-1,0,1,1,-1,1,1,-1
111,0.0,745.6997644949008,-1,0,1,1,-1,1,1,-1
112,136.24172637228062,745.6997644949008,-1,0,1,1,-1,1,1,-1
113,0.0,745.6997644949008,-1,0,1,1,-1,1,1,-1
114,401.78477467502245,745.6997644949008,-1,0,1,1,-1,1,1,-1
115,0.0,745.6997644949008,-1,0,1,1,-1,1,1,-1
116,114.23250746145348,745.6997644949008,-1,0,1,1,-1,1,1,-1
117,135.2955884135618,745.6997644949008,-1,0,1,1,-1,1,1,-1
118,334.9932439011489,745.6997644949008,-1,0,1,1,-1,1,1,-1
119,0.0,745.6997644949008,-1,0,1,1,-1,1,1,-1
120,4.4585663294110836,745.6997644949008,-1,0,1,1,-1,1,1,-1
121,0.0,745.6997644949008,-1,0,1,1,-1,1,1,-1
122,133.0358060504626,745.6997644949008,-1,0,1,1,-1,1,1,-1
123,0.0,745.6997644949008,-1,0,1,1,-1,1,1,-1
124,43.91565923408551,745.6997644949008,-1,0,1,1,-1,1,1,-1
125,233.58510018745073,745.6997644949008,-1,0,1,1,-1,1,1,-1
126,133.9868719492241,745.6997644949008,-1,0,1,1,-1,1,1,-1
127,120.9358986509441,745.6997644949008,-1,0,1,1,-1,1,1,-1
128,0.0,745.6997644949008,-1,0,1,1,-1,1,1,-1
129,250.91788670303274,745.6997644949008,-1,0,1,1,-1,1,1,-1
130,40.5403735918602,745.6997644949008,-1,0,1,1,-1,1,1,-1
131,0.0,745.6997644949008,-1,0,1,1,-1,1,1,-1
132,0.0,745.6997644949008,-1,0,1,1,-1,1,1,-1
133,111.12501992541924,745.6997644949008,-1,0,1,1,-1,1,1,-1
134,0.0,745.6997644949008,-1,0,1,1,-1,1,1,-1
135,0.0,745.6997644949008,-1,0,1,1,-1,1,1,-1
136,281.6547665252954,745.6997644949008,-1,0,1,1,-1,1,1,-1
137,0.0,745.6997644949008,-1,0,1,1,-1,1,1,-1
138,10.903325268058689,745.6997644949008,-1,0,1,1,-1,1,1,-1
139,48.48737248857623,745.6997644949008,-1,0,1,1,-1,1,1,-1
140,0.0,745.6997644949008,-1,0,1,1,-1,1,1,-1
141,43.990131791060996,745.6997644949008,-1,0,1,1,-1,1,1,-1
142,134.30677658615977,745.6997644949008,-1,0,1,1,-1,1,1,-1
143,134.59092513811856,745.6997644949008,-1,0,1,1,-1,1,1,-1
144,39.73870426427406,745.6997644949008,-1,0,1,1,-1,1,1,-1
145,0.0,745.6997644949008,-1,0,1,1,-1,1,1,-1
146,10.058852764643198,745.6997644949008,-1,0,1,1,-1,1,1,-1
147,221.28725114329887,745.6997644949008,-1,0,1,1,-1,1,1,-1
148,132.87857250651166,745.6997644949008,-1,0,1,1,-1,1,1,-1
149,0.0,745.6997644949008,-1,0,1,1,-1,1,1,-1
150,0.0,745.6997644949008,-1,0,1,1,-1,1,1,-1
151,0.0,745.6997644949008,-1,0,1,1,-1,1,1,-1
152,134.2085988214996,745.6997644949008,-1,0,1,1,-1,1,1,-1
153,327.794204956317,745.6997644949008,-1,0,1,1,-1,1,1,-1
154,225.6013917912332,745.6997644949008,-1,0,1,1,-1,1,1,-1
155,195.2366125508246,745.6997644949008,-1,0,1,1,-1,1,1,-1
156,0.0,745.6997644949008,-1,0,1,1,-1,1,1,-1
157,135.32228324217644,745.6997644949008,-1,0,1,1,-1,1,1,-1
158,69.52531022376903,745.6997644949008,-1,0,1,1,-1,1,1,-1
159,0.0,745.6997644949008,-1,0,1,1,-1,1,1,-1
160,0.0,745.6997644949008,-1,0,1,1,-1,1,1,-1
161,215.65664884281784,745.6997644949008,-1,0,1,1,-1,1,1,-1
162,133.45882993775052,745.6997644949008,-1,0,1,1,-1,1,1,-1
163,62.60593295320674,745.6997644949008,-1,0,1,1,-1,1,1,-1
164,53.38809093005655,745.6997644949008,-1,0,1,1,-1,1,1,-1
165,43.990131791060996,745.6997644949008,-1,0,1,1,-1,1,1,-1
166,56.00969589981614,745.6997644949008,-1,0,1,1,-1,1,1,-1
167,413.85939280742474,745.6997644949008,-1,0,1,1,-1,1,1,-1
168,0.0,745.6997644949008,-1,0,1,1,-1,1,1,-1
169,50.266604489283495,745.6997644949008,-1,0,1,1,-1,1,1,-1
170,0.0,745.6997644949008,-1,0,1,1,-1,1,1,-1
171,37.38393175566537,745.6997644949008,-1,0,1,1,-1,1,1,-1
172,0.0,745.6997644949008,-1,0,1,1,-1,1,1,-1
173,24.501194499512426,745.6997644949008,-1,0,1,1,-1,1,1,-1
174,399.9850651119036,745.6997644949008,-1,0,1,1,-1,1,1,-1
175,0.0,745.6997644949008,-1,0,1,1,-1,1,1,-1
176,0.0,745.6997644949008,-1,0,1,1,-1,1,1,-1
177,0.0,745.6997644949008,-1,0,1,1,-1,1,1,-1
178,134.8021656041702,745.6997644949008,-1,0,1,1,-1,1,1,-1
179,254.72077378010158,745.6997644949008,-1,0,1,1,-1,1,1,-1
180,0.0,745.6997644949008,-1,0,1,1,-1,1,1,-1
181,48.73228037491785,745.6997644949008,-1,0,1,1,-1,1,1,-1
182,3.926959277116542,745.6997644949008,-1,0,1,1,-1,1,1,-1
183,49.129444102062926,745.6997644949008,-1,0,1,1,-1,1,1,-1
184,161.26625568439042,745.6997644949008,-1,0,1,1,-1,1,1,-1
185,45.784186542114185,745.6997644949008,-1,0,1,1,-1,1,1,-1
186,0.0,745.6997644949008,-1,0,1,1,-1,1,1,-1
187,226.17711051204742,745.6997644949008,-1,0,1,1,-1,1,1,-1
188,136.64326703147702,745.6997644949008,-1,0,1,1,-1,1,1,-1
189,8.533089960126091,745.6997644949008,-1,0,1,1,-1,1,1,-1
190,56.33079880852107,745.6997644949008,-1,0,1,1,-1,1,1,-1
191,137.2876940656895,745.6997644949008,-1,0,1,1,-1,1,1,-1
192,234.93930762434627,745.6997644949008,-1,0,1,1,-1,1,1,-1
193,134.2085988214996,745.6997644949008,-1,0,1,1,-1,1,1,-1
194,265.93953044182643,745.6997644949008,-1,0,1,1,-1,1,1,-1
195,774.3733990843386,774.3733990843386,0,1,1,1,1,1,-1,-1
196,402.79041136054235,774.3733990843386,0,1,1,1,1,1,-1,-1
197,48.48737248857623,774.3733990843386,0,1,1,1,1,1,-1,-1
198,221.5364988588998,774.3733990843386,0,1,1,1,1,1,-1,-1
199,12.518751578964695,774.3733990843386,0,1,1,1,1,1,-1,-1
200,161.08003131058757,774.3733990843386,0,1,1,1,1,1,-1,-1
201,0.0,774.3733990843386,0,1,1,1,1,1,-1,-1
202,0.0,774.3733990843386,0,1,1,1,1,1,-1,-1
203,0.0,774.3733990843386,0,1,1,1,1,1,-1,-1
204,438.62983373456416,774.3733990843386,0,1,1,1,1,1,-1,-1
205,0.0,774.3733990843386,0,1,1,1,1,1,-1,-1
206,394.6210653304312,774.3733990843386,0,1,1,1,1,1,-1,-1
207,0.0,774.3733990843386,0,1,1,1,1,1,-1,-1
208,26.965614248451143,774.3733990843386,0,1,1,1,1,1,-1,-1
209,10.135961126156106,774.3733990843386,0,1,1,1,1,1,-1,-1
210,13.363821541432362,774.3733990843386,0,1,1,1,1,1,-1,-1
211,250.14208728340262,774.3733990843386,0,1,1,1,1,1,-1,-1
212,134.2085988214996,774.3733990843386,0,1,1,1,1,1,-1,-1
213,10.353745322046732,774.3733990843386,0,1,1,1,1,1,-1,-1
214,133.0358060504626,774.3733990843386,0,1,1,1,1,1,-1,-1
215,69.8352632236459,774.3733990843386,0,1,1,1,1,1,-1,-1
216,721.4828991085941,774.3733990843386,0,1,1,1,1,1,-1,-1
217,11.670746165745351,774.3733990843386,0,1,1,1,1,1,-1,-1
218,0.0,774.3733990843386,0,1,1,1,1,1,-1,-1
219,53.644936569848355,774.3733990843386,0,1,1,1,1,1,-1,-1
220,35.63615745294003,774.3733990843386,0,1,1,1,1,1,-1,-1
221,126.54932402283022,774.3733990843386,0,1,1,1,1,1,-1,-1
222,221.71703014140948,774.3733990843386,0,1,1,1,1,1,-1,-1
223,137.9920910456724,774.3733990843386,0,1,1,1,1,1,-1,-1
224,153.36060041240881,774.3733990843386,0,1,1,1,1,1,-1,-1
225,191.30356585102885,774.3733990843386,0,1,1,1,1,1,-1,-1
226,354.60048208333075,774.3733990843386,0,1,1,1,1,1,-1,-1
227,227.3980596795062,774.3733990843386,0,1,1,1,1,1,-1,-1
228,11.92027501437647,774.3733990843386,0,1,1,1,1,1,-1,-1
229,10.903325268058689,774.3733990843386,0,1,1,1,1,1,-1,-1
230,305.43744951834316,774.3733990843386,0,1,1,1,1,1,-1,-1
231,50.149098683818444,774.3733990843386,0,1,1,1,1,1,-1,-1
232,237.354878778959,774.3733990843386,0,1,1,1,1,1,-1,-1
233,7.7158103165995815,774.3733990843386,0,1,1,1,1,1,-1,-1
234,0.0,774.3733990843386,0,1,1,1,1,1,-1,-1
235,32.283189341900425,774.3733990843386,0,1,1,1,1,1,-1,-1
236,2.945710535820396,774.3733990843386,0,1,1,1,1,1,-1,-1
237,84.50679879081878,774.3733990843386,0,1,1,1,1,1,-1,-1
238,133.94700246662504,774.3733990843386,0,1,1,1,1,1,-1,-1
239,0.0,774.3733990843386,0,1,1,1,1,1,-1,-1
240,178.71173524265305,774.3733990843386,0,1,1,1,1,1,-1,-1
241,0.0,774.3733990843386,0,1,1,1,1,1,-1,-1
242,68.5807304317286,774.3733990843386,0,1,1,1,1,1,-1,-1
243,0.0,774.3733990843386,0,1,1,1,1,1,-1,-1
244,132.76056139012042,774.3733990843386,0,1,1,1,1,1,-1,-1
245,135.2955884135618,774.3733990843386,0,1,1,1,1,1,-1,-1
246,2.9406835949640855,774.3733990843386,0,1,1,1,1,1,-1,-1
247,234.3138142047552,774.3733990843386,0,1,1,1,1,1,-1,-1
248,0.0,774.3733990843386,0,1,1,1,1,1,-1,-1
249,35.80001863236604,774.3733990843386,0,1,1,1,1,1,-1,-1
250,0.0,774.3733990843386,0,1,1,1,1,1,-1,-1
251,132.76056139012042,774.3733990843386,0,1,1,1,1,1,-1,-1
252,44.84133416163929,774.3733990843386,0,1,1,1,1,1,-1,-1
253,10.135961126156106,774.3733990843386,0,1,1,1,1,1,-1,-1
254,0.0,774.3733990843386,0,1,1,1,1,1,-1,-1
255,34.556384451224766,774.3733990843386,0,1,1,1,1,1,-1,-1
256,265.1581098956841,774.3733990843386,0,1,1,1,1,1,-1,-1
257,133.69555288115185,774.3733990843386,0,1,1,1,1,1,-1,-1
258,143.95899052386244,774.3733990843386,0,1,1,1,1,1,-1,-1
259,42.481076669476266,774.3733990843386,0,1,1,1,1,1,-1,-1
260,0.0,774.3733990843386,0,1,1,1,1,1,-1,-1
261,0.0,774.3733990843386,0,1,1,1,1,1,-1,-1
262,137.2876940656895,774.3733990843386,0,1,1,1,1,1,-1,-1
263,206.66123644423507,774.3733990843386,0,1,1,1,1,1,-1,-1
264,0.0,774.3733990843386,0,1,1,1,1,1,-1,-1
265,0.0,774.3733990843386,0,1,1,1,1,1,-1,-1
266,201.77911451289214,774.3733990843386,0,1,1,1,1,1,-1,-1
267,36.513535162544095,774.3733990843386,0,1,1,1,1,1,-1,-1
268,338.28074994933655,774.3733990843386,0,1,1,1,1,1,-1,-1
269,342.452702886052,774.3733990843386,0,1,1,1,1,1,-1,-1
270,0.0,774.3733990843386,0,1,1,1,1,1,-1,-1
271,438.62983373456416,774.3733990843386,0,1,1,1,1,1,-1,-1
272,62.73862603871541,774.3733990843386,0,1,1,1,1,1,-1,-1
273,121.85368434749802,774.3733990843386,0,1,1,1,1,1,-1,-1
274,88.58544116614854,774.3733990843386,0,1,1,1,1,1,-1,-1
275,0.0,774.3733990843386,0,1,1,1,1,1,-1,-1
276,207.47586272981056,774.3733990843386,0,1,1,1,1,1,-1,-1
277,137.29317800857424,774.3733990843386,0,1,1,1,1,1,-1,-1
278,45.54327881047992,774.3733990843386,0,1,1,1,1,1,-1,-1
279,787.9583342667568,787.9583342667568,1,0,-1,1,-1,1,1,-1
280,137.02930762521893,787.9583342667568,1,0,-1,1,-1,1,1,-1
281,0.0,787.9583342667568,1,0,-1,1,-1,1,1,-1
282,217.3129062275507,787.9583342667568,1,0,-1,1,-1,1,1,-1
283,37.38393175566537,787.9583342667568,1,0,-1,1,-1,1,1,-1
284,249.69194362600592,787.9583342667568,1,0,-1,1,-1,1,1,-1
285,0.0,787.9583342667568,1,0,-1,1,-1,1,1,-1
286,33.21513395944167,787.9583342667568,1,0,-1,1,-1,1,1,-1
287,273.3378438392392,787.9583342667568,1,0,-1,1,-1,1,1,-1
288,19.954464312443985,787.9583342667568,1,0,-1,1,-1,1,1,-1
289,34.30182456860957,787.9583342667568,1,0,-1,1,-1,1,1,-1
290,241.92871387022376,787.9583342667568,1,0,-1,1,-1,1,1,-1
291,0.0,787.9583342667568,1,0,-1,1,-1,1,1,-1
292,279.9037418530934,787.9583342667568,1,0,-1,1,-1,1,1,-1
293,42.481076669476266,787.9583342667568,1,0,-1,1,-1,1,1,-1
294,274.45858395149946,787.9583342667568,1,0,-1,1,-1,1,1,-1
295,282.91696508133873,787.9583342667568,1,0,-1,1,-1,1,1,-1
296,403.4043036723027,787.9583342667568,1,0,-1,1,-1,1,1,-1
297,12.71251857199649,787.9583342667568,1,0,-1,1,-1,1,1,-1
298,21.462208711477736,787.9583342667568,1,0,-1,1,-1,1,1,-1
299,226.1915208947152,787.9583342667568,1,0,-1,1,-1,1,1,-1
300,134.30677658615977,787.9583342667568,1,0,-1,1,-1,1,1,-1
301,52.96424031204656,787.9583342667568,1,0,-1,1,-1,1,1,-1
302,241.07866843999443,787.9583342667568,1,0,-1,1,-1,1,1,-1
303,15.850978236158749,787.9583342667568,1,0,-1,1,-1,1,1,-1
304,39.47601071570363,787.9583342667568,1,0,-1,1,-1,1,1,-1
305,7.098596803522182,787.9583342667568,1,0,-1,1,-1,1,1,-1
306,234.2956582022324,787.9583342667568,1,0,-1,1,-1,1,1,-1
307,135.79723702636696,787.9583342667568,1,0,-1,1,-1,1,1,-1
308,13.940851732501542,787.9583342667568,1,0,-1,1,-1,1,1,-1
309,297.44946520755616,787.9583342667568,1,0,-1,1,-1,1,1,-1
310,34.99055942365468,787.9583342667568,1,0,-1,1,-1,1,1,-1
311,134.2085988214996,787.9583342667568,1,0,-1,1,-1,1,1,-1
312,0.0,787.9583342667568,1,0,-1,1,-1,1,1,-1
313,0.0,787.9583342667568,1,0,-1,1,-1,1,1,-1
314,133.44842373482606,787.9583342667568,1,0,-1,1,-1,1,1,-1
315,6.896876451565425,787.9583342667568,1,0,-1,1,-1,1,1,-1
316,48.39133663842354,787.9583342667568,1,0,-1,1,-1,1,1,-1
317,34.38935297189919,787.9583342667568,1,0,-1,1,-1,1,1,-1
318,169.23572880580474,787.9583342667568,1,0,-1,1,-1,1,1,-1
319,42.35170748200838,787.9583342667568,1,0,-1,1,-1,1,1,-1
320,274.14061197492515,787.9583342667568,1,0,-1,1,-1,1,1,-1
321,158.65746535148867,787.9583342667568,1,0,-1,1,-1,1,1,-1
322,0.0,787.9583342667568,1,0,-1,1,-1,1,1,-1
323,0.0,787.9583342667568,1,0,-1,1,-1,1,1,-1
324,310.1405872163053,787.9583342667568,1,0,-1,1,-1,1,1,-1
325,47.6271123443574,787.9583342667568,1,0,-1,1,-1,1,1,-1
326,48.77117822235,787.9583342667568,1,0,-1,1,-1,1,1,-1
327,22.9955850786759,787.9583342667568,1,0,-1,1,-1,1,1,-1
328,0.0,787.9583342667568,1,0,-1,1,-1,1,1,-1
329,141.4999115276682,787.9583342667568,1,0,-1,1,-1,1,1,-1
330,57.53500774736503,787.9583342667568,1,0,-1,1,-1,1,1,-1
331,336.4893822575737,787.9583342667568,1,0,-1,1,-1,1,1,-1
332,56.25117229814218,787.9583342667568,1,0,-1,1,-1,1,1,-1
333,48.20777865515817,787.9583342667568,1,0,-1,1,-1,1,1,-1
334,321.2006921512718,787.9583342667568,1,0,-1,1,-1,1,1,-1
335,45.41015596468566,787.9583342667568,1,0,-1,1,-1,1,1,-1
336,150.0088468864572,787.9583342667568,1,0,-1,1,-1,1,1,-1
337,47.766749305765416,787.9583342667568,1,0,-1,1,-1,1,1,-1
338,283.0532389461458,787.9583342667568,1,0,-1,1,-1,1,1,-1
339,0.0,787.9583342667568,1,0,-1,1,-1,1,1,-1
340,109.30045457149534,787.9583342667568,1,0,-1,1,-1,1,1,-1
341,0.0,787.9583342667568,1,0,-1,1,-1,1,1,-1
342,0.0,787.9583342667568,1,0,-1,1,-1,1,1,-1
343,0.0,787.9583342667568,1,0,-1,1,-1,1,1,-1
344,404.2621232838545,787.9583342667568,1,0,-1,1,-1,1,1,-1
345,0.0,787.9583342667568,1,0,-1,1,-1,1,1,-1
346,0.0,787.9583342667568,1,0,-1,1,-1,1,1,-1
347,0.0,787.9583342667568,1,0,-1,1,-1,1,1,-1
348,315.32762970176634,787.9583342667568,1,0,-1,1,-1,1,1,-1
349,134.8021656041702,787.9583342667568,1,0,-1,1,-1,1,1,-1
350,41.11759213763367,787.9583342667568,1,0,-1,1,-1,1,1,-1
351,251.08909032849172,787.9583342667568,1,0,-1,1,-1,1,1,-1
352,2.931366422286601,787.9583342667568,1,0,-1,1,-1,1,1,-1
353,299.9242712278922,787.9583342667568,1,0,-1,1,-1,1,1,-1
354,137.320647386038,787.9583342667568,1,0,-1,1,-1,1,1,-1
355,0.0,787.9583342667568,1,0,-1,1,-1,1,1,-1
356,36.42878163804481,787.9583342667568,1,0,-1,1,-1,1,1,-1
357,133.69555288115185,787.9583342667568,1,0,-1,1,-1,1,1,-1
358,134.59092513811856,787.9583342667568,1,0,-1,1,-1,1,1,-1
359,201.60339830551362,787.9583342667568,1,0,-1,1,-1,1,1,-1
360,164.71814625578534,787.9583342667568,1,0,-1,1,-1,1,1,-1
361,277.4425455723149,787.9583342667568,1,0,-1,1,-1,1,1,-1
362,186.6475432070102,787.9583342667568,1,0,-1,1,-1,1,1,-1
363,77.91660414782798,787.9583342667568,1,0,-1,1,-1,1,1,-1
364,36.48719629308532,787.9583342667568,1,0,-1,1,-1,1,1,-1
365,336.4893822575737,787.9583342667568,1,0,-1,1,-1,1,1,-1
366,0.0,787.9583342667568,1,0,-1,1,-1,1,1,-1
367,0.0,787.9583342667568,1,0,-1,1,-1,1,1,-1
368,0.0,787.9583342667568,1,0,-1,1,-1,1,1,-1
369,134.30677658615977,787.9583342667568,1,0,-1,1,-1,1,1,-1
370,245.709131036886,787.9583342667568,1,0,-1,1,-1,1,1,-1
371,225.84675542241308,787.9583342667568,1,0,-1,1,-1,1,1,-1
372,52.599275370580074,787.9583342667568,1,0,-1,1,-1,1,1,-1
373,128.61738357768837,787.9583342667568,1,0,-1,1,-1,1,1,-1
374,7.168838977530312,787.9583342667568,1,0,-1,1,-1,1,1,-1
375,227.86516405368133,787.9583342667568,1,0,-1,1,-1,1,1,-1
376,14.767582877016014,787.9583342667568,1,0,-1,1,-1,1,1,-1
377,195.00983475965728,787.9583342667568,1,0,-1,1,-1,1,1,-1
378,160.0770767717546,787.9583342667568,1,0,-1,1,-1,1,1,-1
379,113.98701570836005,787.9583342667568,1,0,-1,1,-1,1,1,-1
380,0.0,787.9583342667568,1,0,-1,1,-1,1,1,-1
381,0.0,787.9583342667568,1,0,-1,1,-1,1,1,-1
382,42.18604843217723,787.9583342667568,1,0,-1,1,-1,1,1,-1
383,0.0,787.9583342667568,1,0,-1,1,-1,1,1,-1
384,0.0,787.9583342667568,1,0,-1,1,-1,1,1,-1
385,0.0,787.9583342667568,1,0,-1,1,-1,1,1,-1
386,163.54976587091653,787.9583342667568,1,0,-1,1,-1,1,1,-1
387,0.0,787.9583342667568,1,0,-1,1,-1,1,1,-1
388,34.99055942365468,787.9583342667568,1,0,-1,1,-1,1,1,-1
389,280.058021671566,787.9583342667568,1,0,-1,1,-1,1,1,-1
390,316.2013507514792,787.9583342667568,1,0,-1,1,-1,1,1,-1
391,133.1517886638608,787.9583342667568,1,0,-1,1,-1,1,1,-1
392,135.59156493712607,787.9583342667568,1,0,-1,1,-1,1,1,-1
393,213.09047287460263,787.9583342667568,1,0,-1,1,-1,1,1,-1
394,270.929099665051,787.9583342667568,1,0,-1,1,-1,1,1,-1
395,132.87857250651166,787.9583342667568,1,0,-1,1,-1,1,1,-1
396,293.83798036983455,787.9583342667568,1,0,-1,1,-1,1,1,-1
397,53.50013078976603,787.9583342667568,1,0,-1,1,-1,1,1,-1
398,104.52503127885919,787.9583342667568,1,0,-1,1,-1,1,1,-1
399,0.0,787.9583342667568,1,0,-1,1,-1,1,1,-1
400,386.0933570230991,787.9583342667568,1,0,-1,1,-1,1,1,-1
401,238.5919206359872,787.9583342667568,1,0,-1,1,-1,1,1,-1
402,0.0,787.9583342667568,1,0,-1,1,-1,1,1,-1
403,133.44842373482606,787.9583342667568,1,0,-1,1,-1,1,1,-1
404,0.0,787.9583342667568,1,0,-1,1,-1,1,1,-1
405,263.201495650261,787.9583342667568,1,0,-1,1,-1,1,1,-1
406,0.0,787.9583342667568,1,0,-1,1,-1,1,1,-1
407,452.8006814257165,787.9583342667568,1,0,-1,1,-1,1,1,-1
408,134.59092513811856,787.9583342667568,1,0,-1,1,-1,1,1,-1
409,0.0,787.9583342667568,1,0,-1,1,-1,1,1,-1
410,133.69555288115185,787.9583342667568,1,0,-1,1,-1,1,1,-1
411,0.0,787.9583342667568,1,0,-1,1,-1,1,1,-1
412,134.30677658615977,787.9583342667568,1,0,-1,1,-1,1,1,-1
413,53.693269238728824,787.9583342667568,1,0,-1,1,-1,1,1,-1
414,50.191507456232515,787.9583342667568,1,0,-1,1,-1,1,1,-1
415,48.31911189326283,787.9583342667568,1,0,-1,1,-1,1,1,-1
416,12.753765323338431,787.9583342667568,1,0,-1,1,-1,1,1,-1
417,282.4538179772918,787.9583342667568,1,0,-1,1,-1,1,1,-1
418,36.42878163804481,787.9583342667568,1,0,-1,1,-1,1,1,-1
419,39.47601071570363,787.9583342667568,1,0,-1,1,-1,1,1,-1
420,134.2085988214996,787.9583342667568,1,0,-1,1,-1,1,1,-1
421,0.0,787.9583342667568,1,0,-1,1,-1,1,1,-1
422,341.89224866306154,787.9583342667568,1,0,-1,1,-1,1,1,-1
423,0.0,787.9583342667568,1,0,-1,1,-1,1,1,-1
424,0.0,787.9583342667568,1,0,-1,1,-1,1,1,-1
425,0.0,787.9583342667568,1,0,-1,1,-1,1,1,-1
426,241.92871387022376,787.9583342667568,1,0,-1,1,-1,1,1,-1
427,402.79041136054235,787.9583342667568,1,0,-1,1,-1,1,1,-1
428,9.329108512140202,787.9583342667568,1,0,-1,1,-1,1,1,-1
429,0.0,787.9583342667568,1,0,-1,1,-1,1,1,-1
430,43.28338287065892,787.9583342667568,1,0,-1,1,-1,1,1,-1
431,280.28551275886986,787.9583342667568,1,0,-1,1,-1,1,1,-1
432,389.05681941833654,787.9583342667568,1,0,-1,1,-1,1,1,-1
433,45.83400836109689,787.9583342667568,1,0,-1,1,-1,1,1,-1
434,56.43161637195361,787.9583342667568,1,0,-1,1,-1,1,1,-1
435,142.33743481158163,787.9583342667568,1,0,-1,1,-1,1,1,-1
436,0.0,787.9583342667568,1,0,-1,1,-1,1,1,-1
437,7.098596803522182,787.9583342667568,1,0,-1,1,-1,1,1,-1
438,0.0,787.9583342667568,1,0,-1,1,-1,1,1,-1
439,134.15705055607958,787.9583342667568,1,0,-1,1,-1,1,1,-1
440,209.00448920766559,787.9583342667568,1,0,-1,1,-1,1,1,-1
441,46.03162507026956,787.9583342667568,1,0,-1,1,-1,1,1,-1
442,39.47601071570363,787.9583342667568,1,0,-1,1,-1,1,1,-1
443,44.34652460926098,787.9583342667568,1,0,-1,1,-1,1,1,-1
444,0.0,787.9583342667568,1,0,-1,1,-1,1,1,-1
445,135.2955884135618,787.9583342667568,1,0,-1,1,-1,1,1,-1
446,134.8021656041702,787.9583342667568,1,0,-1,1,-1,1,1,-1
447,91.15363809090071,787.9583342667568,1,0,-1,1,-1,1,1,-1
448,48.24217849090905,787.9583342667568,1,0,-1,1,-1,1,1,-1
449,0.0,787.9583342667568,1,0,-1,1,-1,1,1,-1
450,247.06372705168798,787.9583342667568,1,0,-1,1,-1,1,1,-1
451,152.85694418704244,787.9583342667568,1,0,-1,1,-1,1,1,-1
452,254.55201190286482,787.9583342667568,1,0,-1,1,-1,1,1,-1
453,7.57494347112915,787.9583342667568,1,0,-1,1,-1,1,1,-1
454,43.371947142628436,787.9583342667568,1,0,-1,1,-1,1,1,-1
455,51.06780639304529,787.9583342667568,1,0,-1,1,-1,1,1,-1
456,0.0,787.9583342667568,1,0,-1,1,-1,1,1,-1
457,223.57010889796726,787.9583342667568,1,0,-1,1,-1,1,1,-1
458,270.929099665051,787.9583342667568,1,0,-1,1,-1,1,1,-1
459,53.05266043661463,787.9583342667568,1,0,-1,1,-1,1,1,-1
460,133.40373303801283,787.9583342667568,1,0,-1,1,-1,1,1,-1
461,245.40631789848402,787.9583342667568,1,0,-1,1,-1,1,1,-1
462,44.855188271855425,787.9583342667568,1,0,-1,1,-1,1,1,-1
463,135.79073550797023,787.9583342667568,1,0,-1,1,-1,1,1,-1
464,48.43063726446321,787.9583342667568,1,0,-1,1,-1,1,1,-1
465,132.96545665763682,787.9583342667568,1,0,-1,1,-1,1,1,-1
466,0.0,787.9583342667568,1,0,-1,1,-1,1,1,-1
467,0.0,787.9583342667568,1,0,-1,1,-1,1,1,-1
468,246.1282893892187,787.9583342667568,1,0,-1,1,-1,1,1,-1
469,109.30045457149534,787.9583342667568,1,0,-1,1,-1,1,1,-1
470,0.0,787.9583342667568,1,0,-1,1,-1,1,1,-1
471,53.71663540645634,787.9583342667568,1,0,-1,1,-1,1,1,-1
472,0.0,787.9583342667568,1,0,-1,1,-1,1,1,-1
473,52.414163570792226,787.9583342667568,1,0,-1,1,-1,1,1,-1
474,276.91063887675926,787.9583342667568,1,0,-1,1,-1,1,1,-1
475,44.198699617706865,787.9583342667568,1,0,-1,1,-1,1,1,-1
476,0.0,787.9583342667568,1,0,-1,1,-1,1,1,-1
477,249.9497599789257,787.9583342667568,1,0,-1,1,-1,1,1,-1
478,0.0,787.9583342667568,1,0,-1,1,-1,1,1,-1
479,214.133601364678,787.9583342667568,1,0,-1,1,-1,1,1,-1
480,125.95976901958231,787.9583342667568,1,0,-1,1,-1,1,1,-1
481,293.83798036983455,787.9583342667568,1,0,-1,1,-1,1,1,-1
482,24.501194499512426,787.9583342667568,1,0,-1,1,-1,1,1,-1
483,34.99055942365468,787.9583342667568,1,0,-1,1,-1,1,1,-1
484,187.08311977425126,787.9583342667568,1,0,-1,1,-1,1,1,-1
485,16.629623484318742,787.9583342667568,1,0,-1,1,-1,1,1,-1
486,0.0,787.9583342667568,1,0,-1,1,-1,1,1,-1
487,0.0,787.9583342667568,1,0,-1,1,-1,1,1,-1
488,402.6273303209322,787.9583342667568,1,0,-1,1,-1,1,1,-1
489,50.806043428419414,787.9583342667568,1,0,-1,1,-1,1,1,-1
490,51.37678158128534,787.9583342667568,1,0,-1,1,-1,1,1,-1
491,338.28074994933655,787.9583342667568,1,0,-1,1,-1,1,1,-1
492,0.0,787.9583342667568,1,0,-1,1,-1,1,1,-1
493,37.38393175566537,787.9583342667568,1,0,-1,1,-1,1,1,-1
494,265.1581098956841,787.9583342667568,1,0,-1,1,-1,1,1,-1
495,368.1570733612302,787.9583342667568,1,0,-1,1,-1,1,1,-1
496,320.6539801079653,787.9583342667568,1,0,-1,1,-1,1,1,-1
497,238.31863006377046,787.9583342667568,1,0,-1,1,-1,1,1,-1
498,41.18567875197082,787.9583342667568,1,0,-1,1,-1,1,1,-1
499,330.51729992503385,787.9583342667568,1,0,-1,1,-1,1,1,-1
